Letter,State,Time_of_Threshold,t_x,t_11,ID,First_sweep_with_APs,Trace_start,Peak_amplitude,Time_to_Peak,Antipeak_amplitude,Time_of_antipeak,Half_width
BO,Baseline,329.6000061,-29.63256836,67.13457489,23714007.abf,6,5021,77.66723633,330.1000061,-17.3034668,332.6000061,0.790894449
BO,Insulin,358.6000061,-35.49194336,26.24351501,23714015.abf,7,6021,84.35058594,359.1000061,-16.47949219,361.5,0.770035207
BP,Baseline,468.2999878,-33.81347656,10.68050003,23714026.abf,5,4021,70.19042969,468.8999939,-15.625,471.2000122,0.88511616
BP,,,,,,,,,,,,
BT,Baseline,407.1000061,-28.35083008,28.9899292,23719005.abf,8,7021,77.66723633,407.6000061,-7.110595703,410.5,0.958466589
BT,Insulin,518.2999878,-33.26416016,17.69371605,23719018.abf,8,7021,70.09887695,518.9000244,-25.390625,521.9000244,0.775762439
